id,name,from,to,age_from,age_to,height_cm,weight_kg,gp,w,l,total_shots,sv%,best_year,min,qs,bs,qual_r,Brad Park,Denis Potvin,Guy Lapointe,Larry Robinson,Borje Salming,Viacheslov Fetisov,Rod Langway,Ray Bourque,Paul Coffey,Larry Murphy,Al MacInnis,Scott Stevens,Brian Leetch,Mark Howe,Chris Chelios,Scott Niedermayer,Rob Blake,Phil Housley,Nicklas Lidstrom,Chris Pronger,Drew Doughty,Erik Karlsson,Duncan Keith,P.K. Subban,Zdeno Chara
1,David Aebischer,2001,2008,22,29,185,84,214,106,74,5807,0.912,0.924,12230,0,0,,0,0,0,0,0,0,0,1,0,0,0,0,0,0,0,0,1,0,0,0,0,0,0,0,0
2,Jake Allen,2013,2017,22,26,187,88,109,62,29,2753,0.914,0.92,6042,54,18,3.000,0,0,0,0,0,0,0,0,0,0,0,0,0,0,0,0,0,0,0,0,0,0,0,0,0
3,Frederik Andersen,2014,2017,24,27,193,104,135,82,28,3630,0.917,0.919,7573,73,16,4.562,0,0,0,0,0,0,0,0,0,0,0,0,0,0,0,0,0,0,0,0,0,0,0,0,0
4,Craig Anderson,2003,2017,21,35,187,83,474,219,173,14470,0.916,0.924,26888,224,57,3.930,0,0,0,0,0,0,0,0,0,0,0,0,0,0,0,0,0,1,0,0,0,1,1,0,0
5,Jean-Sebastien Aubin,1999,2008,21,30,180,81,218,80,83,5455,0.900,0.914,11197,5,4,1.250,0,0,0,0,0,0,0,0,0,0,0,0,0,0,0,0,1,0,0,0,0,0,0,0,0
6,Alex Auld,2002,2012,21,31,193,97,237,91,88,6293,0.904,0.911,12986,50,18,2.778,0,0,0,0,0,0,0,0,0,0,0,0,0,0,0,0,0,0,0,0,0,1,0,1,1
7,Niklas Backstrom,2007,2016,28,37,187,87,413,196,144,11392,0.914,0.929,23481,195,60,3.250,0,0,0,0,0,0,0,0,0,0,0,0,0,0,0,0,0,0,0,0,0,0,0,0,0
8,Murray Bannerman,1978,1987,,29,180,84,289,116,125,6174,0.879,0.887,16470,,,,0,0,0,0,0,0,0,0,0,0,0,0,0,0,0,0,0,0,0,0,0,0,0,0,0
9,Marco Baron,1980,1985,,25,180,81,86,34,38,642,0.861,0.0,4822,,,,0,0,0,0,0,0,0,0,1,1,0,0,0,0,0,0,0,0,0,0,0,0,0,0,0
10,Tom Barrasso,1984,2003,18,37,190,95,777,369,277,22090,0.892,0.922,44180,,,,0,0,0,0,0,0,0,0,1,1,1,0,0,0,0,0,0,1,0,1,0,0,0,0,0
11,Don Beaupre,1981,1997,,35,177,78,667,268,277,15419,0.884,0.897,37396,,,,0,0,0,0,0,0,1,0,0,1,0,1,0,0,0,0,0,0,0,0,0,0,0,0,0
12,Stephane Beauregard,1990,1994,22,26,180,86,90,19,39,2220,0.879,0.0,4402,,,,0,0,0,0,0,0,0,0,0,0,0,0,0,0,0,0,0,1,0,0,0,0,0,0,0
13,Ed Belfour,1989,2007,23,41,180,91,963,484,320,24751,0.906,0.922,55695,,,,0,0,0,0,0,0,0,0,0,0,0,0,1,0,1,0,0,1,0,0,0,0,0,0,0
14,Jonathan Bernier,2008,2017,19,28,182,83,216,89,89,6271,0.915,0.923,12006,109,32,3.406,0,0,0,0,0,0,0,0,0,0,0,0,0,0,0,0,1,0,0,0,1,0,0,0,0
15,Daniel Berthiaume,1987,1994,21,28,175,70,215,81,90,5849,0.878,0.892,11662,,,,0,0,0,1,0,0,0,1,1,1,0,0,0,0,0,0,1,0,0,0,0,0,0,0,0
16,Allan Bester,1984,1996,19,31,170,70,219,73,99,6699,0.883,0.89,11773,,,,0,0,0,0,1,0,0,0,0,0,0,0,0,0,0,0,0,0,1,0,0,0,0,0,0
17,Craig Billington,1986,2003,19,36,177,77,332,110,149,8388,0.877,0.876,17097,,,,0,0,0,0,0,0,0,1,0,0,0,1,0,0,0,1,0,0,0,0,0,0,0,0,0
18,Martin Biron,1996,2014,18,36,187,84,508,230,191,13893,0.910,0.918,28614,90,25,3.600,0,0,0,0,0,0,0,0,0,0,0,0,0,0,0,0,0,0,0,0,0,0,0,0,0
19,Ben Bishop,2009,2017,22,30,200,98,239,135,68,6523,0.920,0.926,13574,134,29,4.621,0,0,0,0,0,0,0,0,0,0,0,0,0,0,0,0,0,0,0,0,0,1,0,0,0
20,Sergei Bobrovsky,2011,2017,22,28,187,82,276,145,93,8060,0.918,0.932,15731,157,31,5.065,0,0,0,0,0,0,0,0,0,0,0,0,0,0,0,0,0,0,0,1,0,0,0,0,0
21,Dan Bouchard,1973,1986,,35,182,86,655,286,232,3137,0.876,0.882,37919,,,,0,0,0,0,0,0,0,0,0,0,0,0,0,0,0,0,0,0,0,0,0,0,0,0,0
22,Brian Boucher,2000,2013,23,36,187,89,328,120,139,8272,0.901,0.918,18220,47,13,3.615,0,0,0,0,0,0,0,0,0,0,0,0,0,0,0,0,1,0,0,1,0,0,1,0,0
23,Fred Brathwaite,1994,2004,21,31,170,84,254,81,99,6344,0.901,0.91,13840,,,,0,0,0,0,0,0,0,0,0,0,1,0,0,0,0,0,0,1,0,1,0,0,0,0,0
24,Martin Brodeur,1992,2015,19,42,187,99,1266,691,397,31709,0.912,0.927,74439,205,61,3.361,0,0,0,0,0,0,0,0,0,0,0,1,0,0,0,1,0,1,0,0,0,0,0,0,0
25,Richard Brodeur,1980,1988,,,170,72,385,131,175,6245,0.864,,21968,,,,0,0,0,0,0,0,0,0,0,0,0,0,0,0,0,0,0,0,0,0,0,0,0,0,0
26,Ilya Bryzgalov,2002,2015,21,34,190,96,465,221,162,13011,0.912,0.921,26550,223,65,3.431,0,0,0,0,0,0,0,0,0,0,0,0,0,0,0,1,0,0,0,1,0,0,0,0,0
27,Peter Budaj,2006,2017,23,34,185,89,307,131,110,8004,0.903,0.905,16960,88,34,2.588,0,0,0,0,0,0,0,0,0,0,0,0,0,0,0,0,1,0,0,0,1,0,0,1,0
28,Sean Burke,1988,2007,21,40,193,95,820,324,341,23299,0.902,0.922,46442,,,,0,0,0,0,0,0,0,0,1,0,0,0,0,0,0,0,1,0,0,1,0,0,0,0,0
29,Frank Caprice,1983,1988,,25,175,68,102,31,46,2767,0.860,0.0,5589,,,,0,0,0,0,0,0,0,0,0,0,0,0,0,0,0,0,0,0,0,0,0,0,0,0,0
30,Jim Carey,1995,1999,20,24,187,93,172,79,65,4066,0.898,0.906,9668,,,,0,0,0,0,0,0,0,1,0,0,1,0,0,0,0,0,0,1,0,1,0,0,0,0,0
31,Sebastien Caron,2003,2012,22,31,185,77,95,26,48,2741,0.892,0.883,5156,1,1,1.000,0,0,0,0,0,0,0,0,0,0,0,0,0,0,0,1,0,0,0,1,0,0,1,0,0
32,Jon Casey,1984,1997,21,34,177,70,425,170,157,11164,0.888,0.9,23255,,,,0,0,0,0,0,0,0,1,0,1,1,0,0,0,0,0,0,0,0,1,0,0,0,0,0
33,Roman Cechmanek,2001,2004,29,32,190,85,212,110,64,5161,0.919,0.925,12085,,,,0,0,0,0,0,0,0,0,0,0,0,0,0,0,0,0,0,0,0,0,0,0,0,0,0
34,Tim Cheveldae,1989,1997,20,28,177,88,340,149,136,9530,0.883,0.889,19172,,,,0,0,0,0,1,0,0,1,1,0,0,0,0,1,0,0,0,0,1,0,0,0,0,0,0
35,Alain Chevrier,1986,1991,24,29,172,81,234,91,100,6197,0.864,0.873,12202,,,,0,0,0,0,0,0,0,0,1,0,0,0,0,0,0,0,0,0,0,0,0,0,0,0,0
36,Scott Clemmensen,2002,2015,24,37,187,91,191,73,59,4931,0.905,0.917,10059,67,25,2.680,0,0,0,0,0,0,0,0,0,0,0,1,0,0,0,1,0,0,0,0,0,0,0,0,0
37,Dan Cloutier,1998,2008,21,31,185,88,351,139,142,8625,0.899,0.914,18927,4,3,1.333,0,0,0,0,0,0,0,0,0,0,0,0,1,0,0,0,1,0,0,0,0,0,0,0,0
38,Jacques Cloutier,1982,1994,,34,170,76,255,82,102,5448,0.874,0.88,12826,,,,0,0,0,0,0,0,0,0,0,0,0,0,0,0,1,0,0,1,0,0,0,0,0,0,0
39,Ty Conklin,2002,2012,25,35,185,84,215,96,67,5484,0.906,0.923,11527,59,24,2.458,0,0,0,0,0,0,0,0,0,0,0,0,0,0,1,0,0,0,1,1,0,0,0,0,0
40,Corey Crawford,2006,2017,21,32,187,98,336,188,100,9235,0.919,0.926,19334,198,39,5.077,0,0,0,0,0,0,0,0,0,0,0,0,0,0,0,0,0,0,0,0,0,0,1,0,0
41,Byron Dafoe,1993,2004,21,32,180,90,415,171,170,10897,0.904,0.926,23478,,,,0,0,0,0,0,0,1,1,1,0,0,0,0,0,0,0,1,0,0,0,0,0,0,0,0
42,Marc Denis,1997,2009,19,31,185,87,349,112,179,10044,0.902,0.918,19526,1,0,,0,0,0,0,0,0,0,1,0,0,0,0,0,0,0,0,0,0,0,0,0,0,0,0,0
43,Michel Dion,1980,1985,,30,177,84,227,60,118,1253,0.856,0.853,12695,,,,0,0,0,0,0,0,0,0,0,0,0,0,0,0,0,0,0,0,0,0,0,0,0,0,0
44,Rick DiPietro,2001,2013,19,31,182,84,318,130,136,8915,0.902,0.919,18199,40,24,1.667,0,0,0,0,0,0,0,0,0,0,0,0,0,0,0,0,0,0,0,0,0,0,0,0,1
45,Devan Dubnyk,2010,2017,23,30,198,96,307,134,120,8856,0.916,0.929,17417,154,39,3.949,0,0,0,0,0,0,0,0,0,0,0,0,0,0,0,0,0,0,0,0,0,0,0,0,0
46,Mike Dunham,1997,2007,24,34,190,90,394,141,178,10701,0.908,0.923,21653,,,,0,0,0,0,0,0,0,0,0,0,0,1,1,0,0,1,0,0,0,0,0,0,0,0,0
47,Don Edwards,1977,1986,,30,175,72,459,208,155,3215,0.866,0.871,26181,,,,0,0,0,0,1,0,0,0,0,0,1,0,0,0,0,0,0,0,0,0,0,0,0,0,0
48,Darren Eliot,1985,1989,23,27,185,79,89,25,41,2536,0.851,0.855,4931,,,,0,0,0,0,0,0,0,0,0,0,0,0,0,0,0,0,0,1,0,0,0,0,0,0,0
49,Brian Elliott,2008,2017,22,31,187,94,332,168,105,8497,0.913,0.94,18247,170,56,3.036,0,0,0,0,0,0,0,0,0,0,0,0,0,0,0,0,0,0,0,0,0,1,0,0,0
50,Dan Ellis,2004,2015,23,34,185,88,212,87,79,5579,0.906,0.924,11306,86,42,2.048,0,0,0,0,0,0,0,0,0,0,0,0,0,0,0,0,0,0,0,0,0,0,0,0,0
51,Ray Emery,2003,2015,20,32,187,89,287,145,86,7432,0.906,0.918,15488,80,25,3.200,0,0,0,0,0,0,0,0,0,0,0,0,0,0,0,0,0,0,0,1,0,0,1,0,1
52,Jhonas Enroth,2010,2017,21,28,177,79,150,50,68,4303,0.910,0.904,8236,71,18,3.944,0,0,0,0,0,0,0,0,0,0,0,0,0,0,0,0,0,0,0,0,1,0,0,0,0
53,Robert Esche,1999,2007,21,29,185,95,186,78,64,4616,0.899,0.915,10139,,,,0,0,0,0,0,0,0,0,0,0,0,0,0,0,0,0,0,0,0,0,0,0,0,0,0
54,Tony Esposito,1969,1984,,40,180,84,886,423,306,622,0.859,0.0,52585,,,,0,0,0,0,0,0,0,0,0,0,0,0,0,0,0,0,0,0,0,0,0,0,0,0,0
55,Bob Essensa,1989,2002,24,37,182,86,446,173,176,12105,0.895,0.91,24215,,,,0,0,0,0,0,0,0,0,1,0,0,0,0,1,0,0,0,1,1,0,0,0,0,0,0
56,Manny Fernandez,1995,2009,20,34,182,94,325,143,123,8803,0.912,0.924,18580,16,7,2.286,0,0,0,0,0,0,0,0,0,0,0,0,0,0,0,0,0,0,0,0,0,0,0,0,1
57,Eric Fichaud,1996,2001,20,25,180,81,95,22,47,2445,0.897,0.899,4799,,,,0,0,0,0,0,0,0,0,1,0,0,0,0,0,0,0,0,0,0,0,0,0,0,0,1
58,Stephane Fiset,1990,2002,19,31,185,97,390,164,153,11079,0.899,0.915,21785,,,,0,0,0,0,0,0,0,0,0,0,0,0,0,0,0,0,1,0,0,0,0,0,0,0,0
59,Mark Fitzpatrick,1989,2000,20,31,187,88,329,113,136,9202,0.896,0.914,18329,,,,0,0,0,0,0,0,0,0,1,0,0,0,0,0,1,0,0,0,0,0,0,0,0,0,0
60,Wade Flaherty,1992,2003,24,35,182,77,120,27,56,3093,0.887,0.0,5941,,,,0,0,0,0,0,0,0,0,0,0,0,0,0,0,0,0,0,0,0,0,0,0,0,0,1
61,Marc-Andre Fleury,2004,2017,19,32,187,81,663,363,208,18631,0.912,0.921,38231,276,70,3.943,0,0,0,0,0,0,0,0,0,0,0,0,0,0,0,0,0,0,0,0,0,0,0,0,0
62,Bob Froese,1983,1990,,31,180,80,242,128,72,5738,0.889,0.909,13451,,,,0,0,0,0,0,0,0,0,0,0,0,0,1,1,0,0,0,0,0,0,0,0,0,0,0
63,Grant Fuhr,1982,2000,,37,177,91,868,403,295,21873,0.887,0.903,48945,,,,0,0,0,0,0,0,0,0,1,0,1,0,0,0,0,0,1,1,0,1,0,0,0,0,0
64,Mathieu Garon,2001,2013,23,35,185,93,341,144,131,8938,0.903,0.913,18342,85,38,2.237,0,0,0,0,0,0,0,0,0,0,0,0,0,0,0,0,1,0,0,0,0,0,0,0,0
65,John Garrett,1980,1985,,33,172,79,207,68,91,1001,0.843,0.0,11763,,,,0,0,0,0,0,0,0,0,0,0,0,0,0,0,0,0,0,0,0,0,0,0,0,0,0
66,Martin Gerber,2003,2011,28,36,182,93,229,113,78,6349,0.911,0.918,12920,43,16,2.688,0,0,0,0,0,0,0,0,0,0,0,0,0,0,0,0,0,0,0,0,0,0,0,0,0
67,Jean-Sebastien Giguere,1997,2014,19,36,185,91,597,262,216,16325,0.913,0.922,33717,120,34,3.529,0,0,0,0,0,0,0,0,1,0,0,0,0,0,0,1,0,1,0,1,0,0,0,0,0
68,Mario Gosselin,1984,1994,20,30,172,72,241,91,107,6228,0.871,0.887,12857,,,,0,0,0,1,0,0,0,0,0,0,0,0,0,0,0,0,1,0,0,1,0,0,0,0,0
69,John Grahame,2000,2008,24,32,190,99,224,97,86,5612,0.898,0.909,12363,3,4,0.750,0,0,0,0,0,0,0,1,1,0,0,0,0,0,0,0,0,0,0,0,0,0,0,0,0
70,Thomas Greiss,2008,2017,22,31,185,103,135,61,44,3574,0.917,0.925,7271,61,10,6.100,0,0,0,0,0,0,0,0,0,0,0,0,0,0,0,0,1,0,0,0,0,0,0,0,0
71,Jonas Gustavsson,2010,2017,25,32,193,91,174,72,64,4602,0.902,0.902,9462,62,22,2.818,0,0,0,0,0,0,0,0,0,0,0,0,0,0,0,0,0,0,0,0,0,0,0,0,1
72,Jeff Hackett,1989,2004,20,35,185,89,500,166,244,13873,0.902,0.927,28125,,,,0,0,0,0,0,0,0,0,1,0,0,0,0,0,1,0,0,0,0,0,0,0,0,0,0
73,Jaroslav Halak,2007,2017,21,31,180,82,375,202,118,10381,0.917,0.926,21665,201,42,4.786,0,0,0,0,0,0,0,0,0,0,0,0,0,0,0,0,0,0,0,0,0,0,0,1,0
74,Glen Hanlon,1978,1991,,33,182,84,477,167,202,8474,0.885,0.893,26037,,,,0,0,0,0,1,0,0,0,0,0,0,0,0,0,0,0,0,0,0,0,0,0,0,0,0
75,Josh Harding,2006,2014,21,29,185,91,151,60,59,3984,0.918,0.917,7995,66,17,3.882,0,0,0,0,0,0,0,0,0,0,0,0,0,0,0,0,0,0,0,0,0,0,0,0,0
76,Dominik Hasek,1991,2008,26,43,185,75,735,389,223,20220,0.922,0.937,42837,19,6,3.167,0,0,0,0,0,0,0,0,0,0,0,0,0,0,1,0,0,0,1,0,0,0,0,0,1
77,Brian Hayward,1983,1993,,32,177,81,357,143,156,9112,0.873,0.896,20025,,,,0,0,0,1,0,0,0,0,0,1,0,0,0,0,1,0,0,0,0,0,0,0,0,0,0
78,Glenn Healy,1986,2001,23,38,175,86,437,166,190,12058,0.887,0.9,24256,,,,0,0,0,0,0,0,0,0,0,0,0,0,1,0,0,0,0,0,0,0,0,0,0,0,0
79,Guy Hebert,1992,2001,25,,180,84,491,191,222,14400,0.909,,27889,,,,0,0,0,0,0,0,0,0,0,0,0,0,1,0,0,0,0,0,0,0,0,0,0,0,0
80,Johan Hedberg,2001,2013,27,39,182,86,373,161,143,9918,0.901,0.915,20758,82,31,2.645,0,0,0,0,0,0,0,0,0,0,0,0,0,0,1,0,0,0,0,0,0,0,0,0,0
81,Denis Herron,1973,1986,,33,180,75,462,146,203,2654,0.879,0.885,25608,,,,0,0,0,0,0,0,0,0,0,0,0,0,0,0,0,0,0,0,0,0,0,0,0,0,0
82,Ron Hextall,1987,1999,22,34,190,87,608,296,214,16366,0.895,0.913,34750,,,,0,0,0,0,0,0,0,0,1,0,0,0,0,1,0,0,0,0,0,0,0,0,0,0,0
83,Jonas Hiller,2008,2016,25,33,187,86,404,197,140,11222,0.914,0.924,22601,203,57,3.561,0,0,0,0,0,0,0,0,0,0,0,0,0,0,0,1,0,0,0,1,0,0,0,0,0
84,Corey Hirsch,1993,2003,20,30,177,79,108,34,45,2895,0.896,0.903,5775,,,,0,0,0,0,0,0,0,0,0,0,0,0,1,0,0,0,0,0,0,0,0,0,0,0,0
85,Milan Hnilicka,2000,2004,26,30,185,86,121,29,67,3598,0.900,0.908,6509,,,,0,0,0,0,0,0,0,0,0,0,0,0,1,0,0,0,0,0,0,0,0,0,0,0,0
86,Johan Holmqvist,2001,2008,22,,190,89,99,48,34,2389,0.890,,5264,19,17,1.118,0,0,0,0,0,0,0,0,0,0,0,0,1,0,0,0,0,0,0,0,0,0,0,0,0
87,Braden Holtby,2011,2017,21,27,187,98,253,155,62,7220,0.921,0.923,14476,148,28,5.286,0,0,0,0,0,0,0,0,0,0,0,0,0,0,0,0,0,0,0,0,0,0,0,0,0
88,Jimmy Howard,2006,2017,21,32,185,99,380,191,115,10483,0.915,0.924,21836,199,51,3.902,0,0,0,0,0,0,0,0,0,0,0,0,0,0,1,0,0,0,1,0,0,0,0,0,0
89,Jim Hrivnak,1990,1994,21,25,187,88,85,34,30,2129,0.877,0.876,4217,,,,0,0,0,0,0,0,1,0,0,0,0,1,0,0,0,0,0,1,0,0,0,0,0,0,0
90,Kelly Hrudey,1984,1998,23,37,177,85,677,271,265,20328,0.893,0.91,38084,,,,0,1,0,1,0,0,0,0,1,0,0,0,0,0,0,0,1,0,0,0,0,0,0,0,0
91,Cristobal Huet,2003,2010,27,34,185,93,272,129,90,7216,0.913,0.929,15260,80,27,2.963,0,0,0,0,0,0,0,0,0,0,0,0,0,0,0,0,0,0,0,0,0,0,1,0,0
92,Arturs Irbe,1992,2004,24,36,172,86,568,218,236,15033,0.899,0.923,32066,,,,0,0,0,0,0,0,0,0,1,0,0,0,0,0,0,0,0,0,0,0,0,0,0,0,0
93,Pat Jablonski,1990,1998,22,30,182,81,128,28,62,3411,0.879,0.874,6634,,,,0,0,0,0,0,0,0,0,0,0,1,1,0,0,0,0,0,0,0,1,0,0,0,0,0
94,Bob Janecyk,1984,1989,26,31,185,81,110,43,47,3259,0.867,0.877,6250,,,,0,0,0,0,0,0,0,0,0,0,0,0,0,0,0,0,0,0,0,0,0,0,0,0,0
95,Al Jensen,1981,1987,,,177,81,179,95,53,2796,0.881,,9974,,,,0,0,0,0,0,0,1,0,0,1,0,1,0,0,0,0,0,0,0,0,0,0,0,0,0
96,Brent Johnson,1999,2012,21,34,190,90,309,140,112,7717,0.904,0.907,16978,46,17,2.706,0,0,0,0,0,0,0,0,0,0,1,0,0,0,0,0,0,0,0,1,0,0,0,0,0
97,Chad Johnson,2010,2017,23,30,190,89,106,52,32,2860,0.915,0.92,6010,52,12,4.333,0,0,0,0,0,0,0,0,0,0,0,0,0,0,0,0,0,0,0,0,0,0,0,0,1
98,Martin Jones,2014,2017,24,27,193,86,110,58,40,2802,0.918,0.918,6266,59,14,4.214,0,0,0,0,0,0,0,0,0,0,0,0,0,0,0,0,0,0,0,0,1,0,0,0,0
99,Curtis Joseph,1990,2009,22,41,180,87,943,454,352,26795,0.906,0.915,54054,5,7,0.714,0,0,0,0,0,0,0,0,0,0,1,1,0,0,1,0,0,1,1,0,0,0,0,0,0
100,Doug Keans,1980,1988,,30,170,84,210,96,64,3902,0.877,0.884,11388,,,,0,0,1,0,0,0,0,1,0,0,0,0,0,0,0,0,0,0,0,0,0,0,0,0,0
101,Nikolai Khabibulin,1995,2014,22,41,185,94,799,333,334,22329,0.907,0.923,45609,99,34,2.912,0,0,0,0,0,0,0,0,0,0,0,0,0,0,0,0,0,0,0,0,0,0,1,0,0
102,Anton Khudobin,2010,2017,23,30,180,92,102,44,41,2745,0.917,0.926,5598,53,19,2.789,0,0,0,0,0,0,0,0,0,0,0,0,0,0,0,0,0,0,0,0,0,0,0,0,1
103,Trevor Kidd,1992,2004,19,31,187,96,387,140,162,10237,0.901,0.922,21426,,,,0,0,0,0,0,0,0,0,1,0,1,0,1,0,0,0,0,1,0,0,0,0,0,0,0
104,Miikka Kiprusoff,2001,2013,24,36,185,84,623,319,213,17114,0.912,0.933,36169,209,65,3.215,0,0,0,0,0,0,0,0,0,0,0,0,0,0,0,0,0,0,0,0,0,0,0,0,0
105,Olaf Kolzig,1990,2009,19,38,190,101,719,303,297,20118,0.906,0.92,41671,26,13,2.000,0,0,0,0,0,0,1,0,0,0,0,1,0,0,0,0,0,1,0,0,0,0,0,0,0
106,Darcy Kuemper,2013,2017,22,26,195,97,86,34,30,2108,0.910,0.905,4520,37,14,2.643,0,0,0,0,0,0,0,0,0,0,0,0,0,0,0,0,0,0,0,0,0,0,0,0,0
107,Jason LaBarbera,2001,2015,21,35,190,105,187,62,73,4933,0.907,0.91,9615,68,25,2.720,0,0,0,0,0,0,0,0,0,0,0,0,1,0,0,0,1,0,0,0,1,0,0,0,0
108,Eddie Lack,2014,2017,26,29,193,85,120,47,46,3267,0.910,0.921,6800,53,18,2.944,0,0,0,0,0,0,0,0,0,0,0,0,0,0,0,0,0,0,0,0,0,0,0,0,0
109,Mark LaForest,1986,1994,23,31,180,86,103,25,54,2689,0.868,0.0,5032,,,,0,0,0,0,0,0,0,0,0,0,0,0,0,1,0,0,0,0,0,0,0,0,0,0,0
110,Patrick Lalime,1997,2011,22,36,190,87,444,200,174,11370,0.905,0.914,25241,31,15,2.067,0,0,0,0,0,0,0,0,0,0,0,0,0,0,0,0,0,0,0,0,0,0,1,0,1
111,Michel Larocque,1974,1984,,31,177,90,312,160,89,164,0.811,0.0,17615,,,,0,0,0,0,0,0,0,0,0,0,0,0,0,0,0,0,0,0,0,0,0,0,0,0,0
112,Pascal Leclaire,2004,2011,21,28,187,91,173,61,76,4698,0.904,0.919,9406,55,19,2.895,0,0,0,0,0,0,0,0,0,0,0,0,0,0,0,0,0,0,0,0,0,1,0,0,0
113,Manny Legace,1999,2010,25,36,177,90,365,187,99,9151,0.912,0.92,20140,61,24,2.542,0,0,0,0,0,0,0,0,0,1,0,0,0,0,1,0,1,0,1,0,0,0,0,0,0
114,Robin Lehner,2011,2017,19,25,193,108,115,39,48,3549,0.917,0.913,6429,64,13,4.923,0,0,0,0,0,0,0,0,0,0,0,0,0,0,0,0,0,0,0,0,0,1,0,0,0
115,Kari Lehtonen,2004,2017,20,33,193,86,559,274,197,16581,0.913,0.922,32053,242,62,3.903,0,0,0,0,0,0,0,0,0,0,0,0,0,0,0,0,0,0,0,0,0,0,0,0,0
116,Michael Leighton,2003,2016,21,34,190,84,106,35,41,2893,0.901,0.905,5794,27,8,3.375,0,0,0,0,0,0,0,0,0,0,0,0,0,0,0,0,0,1,0,1,0,0,1,0,0
117,Reggie Lemelin,1979,1993,,38,180,77,507,236,162,10238,0.884,0.893,28006,,,,0,0,0,0,0,0,0,1,0,0,1,0,0,0,0,0,0,0,0,0,0,0,0,0,0
118,Mario Lessard,1979,1984,,29,175,86,240,92,97,160,0.838,0.0,13529,,,,0,0,0,0,0,0,0,0,0,1,0,0,0,0,0,0,0,0,0,0,0,0,0,0,0
119,Anders Lindback,2011,2016,22,27,198,97,130,45,58,3403,0.904,0.0,6843,47,17,2.765,0,0,0,0,0,0,0,0,0,0,0,0,0,0,0,0,0,0,0,0,0,0,0,0,0
120,Pelle Lindbergh,1982,1986,,26,175,75,157,87,49,3094,0.886,0.899,9150,,,,0,0,0,0,0,0,0,0,0,0,0,0,0,1,0,0,0,0,0,0,0,0,0,0,0
121,Mike Liut,1980,1992,,36,187,88,664,294,271,11260,0.881,0.905,38215,,,,0,0,0,0,0,0,1,0,0,0,0,1,0,0,0,0,0,0,0,0,0,0,0,0,0
122,Ron Low,1973,1985,,34,185,93,382,102,203,1761,0.860,0.858,20502,,,,0,0,0,0,0,0,0,0,0,0,0,0,0,0,0,0,0,0,0,0,0,0,0,0,0
123,Henrik Lundqvist,2006,2017,23,34,185,85,695,381,232,19598,0.920,0.93,40985,346,63,5.492,0,0,0,0,0,0,0,0,0,0,0,0,0,0,0,0,0,0,0,0,0,0,0,0,0
124,Roberto Luongo,2000,2017,20,37,190,98,934,439,355,27577,0.919,0.931,53713,301,64,4.703,0,0,0,0,0,0,0,0,0,0,0,0,0,0,0,0,0,0,0,0,0,0,0,0,1
125,Joey MacDonald,2007,2014,26,33,182,89,133,44,61,3748,0.902,0.901,7331,41,16,2.562,0,0,0,0,0,0,0,0,0,0,0,0,0,0,1,0,0,0,1,0,0,0,0,0,1
126,Clint Malarchuk,1982,1992,,30,182,84,338,141,130,8995,0.887,0.895,19030,,,,0,0,0,0,0,0,1,0,0,1,0,1,0,0,0,0,0,1,0,0,0,0,0,0,0
127,Jussi Markkanen,2002,2007,26,31,182,82,128,43,47,2992,0.901,0.918,6610,,,,0,0,0,0,0,0,0,0,0,0,0,0,1,0,0,0,0,0,0,1,0,0,0,0,0
128,Jacob Markstrom,2011,2017,21,27,198,89,89,29,44,2465,0.905,0.915,4793,36,15,2.400,0,0,0,0,0,0,0,0,0,0,0,0,0,0,0,0,0,0,0,0,0,0,0,0,0
129,Bob Mason,1984,1991,22,29,185,81,145,55,65,4146,0.879,0.89,7988,,,,0,0,0,0,0,0,1,0,0,1,0,1,0,0,0,0,0,0,0,0,0,0,0,0,0
130,Chris Mason,1999,2013,22,36,182,89,317,137,113,8324,0.909,0.925,17004,107,44,2.432,0,0,0,0,0,0,0,0,0,0,0,0,0,0,0,0,0,0,0,0,0,0,0,0,0
131,Steve Mason,2009,2017,20,28,193,95,413,176,160,11791,0.911,0.928,23419,203,75,2.707,0,0,0,0,0,0,0,0,0,0,0,0,0,0,0,0,0,0,0,0,0,0,0,0,0
132,Markus Mattsson,1980,1984,,26,182,81,92,21,46,530,0.851,0.0,5007,,,,0,0,0,0,0,0,0,0,0,1,0,0,0,0,0,0,0,0,0,0,0,0,0,0,0
133,Curtis McElhinney,2008,2017,24,33,190,90,148,43,58,3710,0.904,0.914,7190,46,18,2.556,0,0,0,0,0,0,0,0,0,0,0,0,0,0,0,1,0,0,0,0,0,1,0,0,0
134,Kirk McLean,1986,2001,19,34,182,81,612,245,262,16882,0.887,0.904,35090,,,,0,0,0,0,0,0,0,0,0,0,0,0,1,0,0,0,0,0,0,0,0,0,0,0,0
135,Jamie McLennan,1994,2007,22,35,182,86,254,80,109,6036,0.898,0.905,13834,,,,0,0,0,0,0,0,0,0,0,0,1,0,1,0,0,0,0,0,0,1,0,0,0,0,0
136,Roland Melanson,1981,1992,,31,177,84,291,129,106,5932,0.875,0.903,16452,,,,0,1,0,0,0,0,0,0,0,0,0,0,0,0,0,0,0,0,0,0,0,0,0,0,0
137,Gilles Meloche,1971,1988,,37,177,84,788,270,351,5321,0.875,0.881,45401,,,,0,0,0,0,0,0,0,0,1,0,0,0,0,0,0,0,0,0,0,0,0,0,0,0,0
138,Corrado Micalef,1982,1986,,24,172,78,113,26,59,1689,0.858,0.862,5794,,,,1,0,0,0,0,0,0,0,0,0,0,0,0,0,0,0,0,0,0,0,0,0,0,0,0
139,Greg Millen,1979,1992,,34,175,79,604,215,284,10190,0.875,0.887,35377,,,,0,0,0,0,0,0,0,0,0,0,0,0,0,0,1,0,0,0,1,0,0,0,0,0,0
140,Ryan Miller,2003,2017,22,36,187,76,661,341,238,19701,0.915,0.929,38717,302,62,4.871,0,0,0,0,0,0,0,0,0,0,0,0,0,0,0,0,0,0,0,0,0,0,0,0,0
141,Eddie Mio,1980,1986,,32,177,81,192,64,73,1304,0.843,0.0,10428,,,,1,0,0,0,0,0,0,0,0,0,0,0,0,0,0,0,0,0,0,0,0,0,0,0,0
142,Al Montoya,2009,2017,23,31,187,94,141,58,41,3676,0.909,0.893,7658,68,19,3.579,0,0,0,0,0,0,0,0,0,0,0,0,0,0,0,0,0,0,0,0,0,0,0,0,0
143,Andy Moog,1981,1998,,37,172,79,713,372,209,17424,0.892,0.915,40151,,,,0,0,0,0,0,0,0,1,1,0,0,0,0,0,0,0,0,0,0,0,0,0,0,0,0
144,Petr Mrazek,2013,2017,20,24,187,83,103,50,34,2725,0.919,0.921,5624,55,13,4.231,0,0,0,0,0,0,0,0,0,0,0,0,0,0,0,0,0,0,0,0,0,0,0,0,0
145,Evgeni Nabokov,2000,2015,24,39,182,91,697,353,227,18398,0.911,0.922,40152,194,57,3.404,0,0,0,0,0,0,0,0,0,0,0,0,0,0,0,0,1,0,0,0,0,0,0,0,0
146,Michal Neuvirth,2009,2017,20,28,185,94,208,88,73,5854,0.912,0.924,11487,98,27,3.630,0,0,0,0,0,0,0,0,0,0,0,0,0,0,0,0,0,0,0,0,0,0,0,0,0
147,Antti Niemi,2009,2017,25,33,187,97,393,218,115,10794,0.914,0.924,22735,204,53,3.849,0,0,0,0,0,0,0,0,0,0,0,0,0,0,0,0,0,0,0,0,0,0,1,0,0
148,Antero Niittymaki,2004,2011,23,30,185,95,234,95,86,6599,0.902,0.912,13113,59,27,2.185,0,0,0,0,0,0,0,0,0,0,0,0,0,0,0,0,0,0,0,0,0,0,0,0,0
149,Fredrik Norrena,2007,2009,33,35,182,85,100,35,45,2409,0.899,0.904,5235,13,8,1.625,0,0,0,0,0,0,0,0,0,0,0,0,0,0,0,0,0,0,0,0,0,0,0,0,0
150,Pasi Nurminen,2002,2004,26,28,177,97,125,48,54,3519,0.904,0.906,7059,,,,0,0,0,0,0,0,0,0,0,0,0,0,0,0,0,0,0,0,0,0,0,0,0,0,0
151,Chris Osgood,1994,2011,21,38,177,81,744,401,216,18629,0.905,0.914,42564,59,27,2.185,0,0,0,0,0,0,0,0,1,1,1,0,0,1,1,0,0,0,1,1,0,0,0,0,0
152,Mike Palmateer,1977,1984,,30,175,77,356,149,138,986,0.849,0.849,20131,,,,0,0,0,0,1,0,0,0,0,0,0,0,0,0,0,0,0,0,0,0,0,0,0,0,0
153,Darren Pang,1985,1989,20,24,165,70,81,27,35,2438,0.882,0.891,4252,,,,0,0,0,0,0,0,0,0,0,0,0,0,0,0,0,0,0,0,0,0,0,0,0,0,0
154,Steve Passmore,1999,2004,26,31,175,75,93,23,44,2245,0.895,0.0,5045,,,,0,0,0,0,0,0,0,0,0,0,0,0,0,0,0,0,1,1,0,0,0,0,0,0,0
155,Ondrej Pavelec,2008,2016,20,28,190,97,371,148,154,10751,0.907,0.92,20958,163,61,2.672,0,0,0,0,0,0,0,0,0,0,0,0,0,0,1,0,0,0,0,0,0,0,0,0,0
156,Pete Peeters,1979,1991,,33,185,88,489,246,155,7499,0.882,0.898,27699,,,,0,0,1,0,0,0,1,1,0,1,0,1,0,1,0,0,0,0,0,0,0,0,0,0,0
157,Steve Penney,1984,1988,22,26,185,86,91,35,38,2226,0.859,0.876,5194,,,,0,0,0,1,0,0,0,0,0,0,0,0,0,0,1,0,0,0,0,0,0,0,0,0,0
158,Justin Peters,2010,2017,23,30,185,95,83,25,38,2313,0.901,0.0,4482,30,12,2.500,0,0,0,0,0,0,0,0,0,0,0,0,0,0,0,0,0,0,0,0,0,0,0,0,0
159,Frank Pietrangelo,1988,1994,23,29,177,84,141,46,59,3845,0.873,0.858,7141,,,,0,0,0,0,0,0,0,0,1,1,0,0,0,0,0,0,0,0,0,1,0,0,0,0,0
160,Felix Potvin,1992,2004,20,32,185,86,635,266,260,17864,0.905,0.91,36765,,,,0,0,0,0,0,0,0,0,0,1,0,0,0,0,0,0,1,0,0,0,0,0,0,0,1
161,Carey Price,2008,2017,20,29,190,102,454,240,155,13495,0.920,0.933,26764,263,55,4.782,0,0,0,0,0,0,0,0,0,0,0,0,0,0,0,0,0,0,0,0,0,0,0,1,0
162,Daren Puppa,1986,2000,20,34,193,93,429,179,161,11680,0.897,0.918,23819,,,,0,0,0,0,0,0,0,0,0,0,0,0,0,0,0,0,0,1,0,0,0,0,0,0,0
163,Jonathan Quick,2008,2017,22,31,185,99,476,252,162,12486,0.916,0.929,27860,258,68,3.794,0,0,0,0,0,0,0,0,0,0,0,0,0,0,0,0,1,0,0,0,1,0,0,0,0
164,Karri Ramo,2007,2016,20,29,187,93,159,60,63,4388,0.906,0.912,8721,72,21,3.429,0,0,0,0,0,0,0,0,0,0,0,0,0,0,0,0,0,0,0,0,0,0,0,0,0
165,Bill Ranford,1986,2000,19,33,180,84,647,240,279,18269,0.888,0.898,35936,,,,0,0,0,0,0,0,0,1,0,1,0,0,0,0,1,0,0,1,1,0,0,0,0,0,0
166,Tuukka Rask,2008,2017,20,29,190,80,338,174,104,9556,0.925,0.931,19404,205,41,5.000,0,0,0,0,0,0,0,0,0,0,0,0,0,0,0,0,0,0,0,0,0,0,0,0,1
167,Andrew Raycroft,2001,2012,20,31,185,80,280,113,114,7339,0.900,0.926,15191,34,17,2.000,0,0,0,0,0,0,0,0,1,0,0,0,1,0,0,0,0,0,0,0,0,0,0,0,0
168,Pokey Reddick,1987,1994,22,29,172,77,132,46,58,3487,0.873,0.881,7162,,,,0,0,0,0,0,0,0,0,0,0,0,0,0,0,0,0,0,0,0,0,0,0,0,0,0
169,Jeff Reese,1988,1999,21,32,175,81,174,53,65,4381,0.879,0.868,8667,,,,0,0,0,0,1,0,0,0,0,0,1,1,0,0,0,1,0,0,0,1,0,0,0,0,0
170,James Reimer,2011,2017,22,28,187,98,219,93,79,6446,0.914,0.924,11905,103,36,2.861,0,0,0,0,0,0,0,0,0,0,0,0,0,0,0,0,0,0,0,0,0,0,0,0,0
171,Glenn Resch,1974,1987,,38,175,75,571,231,224,4232,0.867,0.871,32279,,,,0,0,0,0,0,0,0,0,0,0,0,0,0,1,0,0,0,0,0,0,0,0,0,0,0
172,Damian Rhodes,1991,2002,21,32,180,88,309,99,140,8105,0.899,0.907,17339,,,,0,0,0,0,0,0,0,0,0,1,0,0,0,0,0,0,0,0,0,0,0,0,0,0,0
173,Mike Richter,1990,2003,23,36,180,84,666,301,258,19219,0.904,0.917,38183,,,,0,0,0,0,0,0,0,0,0,0,0,0,1,0,0,0,0,0,0,0,0,0,0,0,0
174,Vincent Riendeau,1988,1995,21,28,177,84,184,85,65,4786,0.880,0.892,10423,,,,0,0,0,1,0,0,0,1,1,0,0,1,0,1,1,0,0,0,1,0,0,0,0,0,0
175,Pat Riggin,1980,1988,,28,175,77,350,153,120,4789,0.879,0.89,19872,,,,0,0,0,0,0,0,1,1,1,1,0,1,0,0,0,0,0,0,0,0,0,0,0,0,0
176,Pekka Rinne,2006,2017,23,34,195,98,456,240,140,12652,0.917,0.93,26377,255,70,3.643,0,0,0,0,0,0,0,0,0,0,0,0,0,0,0,0,0,0,0,0,0,0,0,1,0
177,Dwayne Roloson,1997,2012,27,42,185,77,606,227,257,16942,0.908,0.933,34297,119,43,2.767,0,0,0,0,0,0,0,0,0,0,0,0,0,0,0,0,0,0,0,1,0,0,0,0,0
178,Roberto Romano,1983,1994,,31,167,77,126,46,63,3800,0.881,0.886,7111,,,,0,0,0,0,0,0,0,1,0,1,0,0,0,0,0,0,0,0,0,0,0,0,0,0,0
179,Dominic Roussel,1992,2001,21,,185,90,205,77,70,5299,0.895,,10665,,,,0,0,0,0,0,0,0,0,0,0,0,0,0,1,0,0,0,0,0,0,0,0,0,0,0
180,Patrick Roy,1985,2003,19,37,187,84,1029,551,315,28353,0.910,0.925,60235,,,,0,0,0,1,0,0,0,1,0,0,0,0,0,0,1,0,1,0,0,0,0,0,0,0,0
181,Tommy Salo,1995,2004,23,,180,82,526,210,225,13591,0.905,,30436,,,,0,0,0,0,0,0,0,0,0,0,0,0,0,0,0,0,1,0,0,0,0,0,0,0,1
182,Curtis Sanford,2003,2012,23,32,180,85,144,47,55,3472,0.904,0.911,7354,30,11,2.727,0,0,0,0,0,0,0,0,0,0,1,0,0,0,0,0,0,0,0,1,0,0,0,0,0
183,Bob Sauve,1977,1989,,33,172,79,420,182,154,5494,0.876,0.894,23711,,,,0,0,0,0,0,0,0,0,0,0,0,0,0,0,0,0,0,1,0,0,0,0,0,0,0
184,Cory Schneider,2009,2017,22,30,190,93,279,128,100,7688,0.925,0.937,15932,169,28,6.036,0,0,0,0,0,0,0,0,0,0,0,0,0,0,0,0,0,0,0,0,0,0,0,0,0
185,Corey Schwab,1996,2004,25,33,182,81,147,42,63,3474,0.896,0.897,7476,,,,0,0,0,0,0,0,0,0,0,0,0,1,0,0,0,1,0,1,0,0,0,0,0,0,0
186,Ben Scrivens,2012,2016,25,29,187,82,144,47,64,4095,0.905,0.922,7957,60,22,2.727,0,0,0,0,0,0,0,0,0,0,0,0,0,0,0,0,0,0,0,0,1,0,0,1,0
187,Richard Sevigny,1980,1987,,29,172,78,176,80,54,1735,0.867,0.869,9485,,,,0,0,0,1,0,0,0,0,0,0,0,0,0,0,1,0,0,0,0,0,0,0,0,0,0
188,Steve Shields,1996,2006,23,33,190,97,246,80,104,6510,0.907,0.921,13630,,,,0,0,0,0,0,0,0,0,0,0,0,0,0,0,0,0,0,0,0,0,0,0,0,0,0
189,Mikhail Shtalenkov,1994,2000,28,,187,84,190,62,82,4722,0.898,,9966,,,,0,0,0,0,0,0,0,0,0,0,0,0,0,0,0,0,0,0,0,0,0,0,0,0,0
190,Peter Sidorkiewicz,1988,1998,24,34,175,81,246,79,128,6470,0.871,0.89,13881,,,,0,0,0,0,0,0,0,0,0,0,0,1,0,0,0,1,0,0,0,0,0,0,0,0,0
191,Peter Skudra,1998,2003,24,29,185,85,146,51,47,3078,0.894,0.892,7162,,,,0,0,0,0,0,0,0,0,1,0,0,0,0,0,0,0,0,0,0,0,0,0,0,0,0
192,Billy Smith,1972,1989,,38,177,84,680,305,233,5989,0.882,0.896,38431,,,,0,1,0,0,0,0,0,0,0,0,0,0,0,0,0,0,0,0,0,0,0,0,0,0,0
193,Mike Smith,2007,2017,24,34,193,97,421,177,172,12193,0.912,0.93,23993,205,63,3.254,0,0,0,0,0,0,0,0,0,0,0,0,0,0,0,0,0,0,0,0,0,0,0,0,0
194,Garth Snow,1994,2006,24,36,190,90,368,135,147,9298,0.901,0.918,19837,,,,0,0,0,0,0,0,0,0,1,0,0,0,0,0,0,0,0,0,0,0,0,0,0,0,0
195,Tommy Soderstrom,1993,1997,23,27,170,71,156,45,69,4265,0.884,0.892,8189,,,,0,0,0,0,0,0,0,0,0,0,0,0,0,0,0,0,0,0,0,0,0,0,0,0,0
196,Doug Soetaert,1976,1987,,31,182,81,284,110,104,2908,0.867,0.869,15583,,,,0,0,0,1,0,0,0,0,0,0,0,0,0,0,1,0,0,0,0,0,0,0,0,0,0
197,Rick St. Croix,1978,1985,,30,177,72,130,49,54,845,0.841,0.0,7295,,,,0,0,0,0,1,0,0,0,0,0,0,0,0,0,0,0,0,0,0,0,0,0,0,0,0
198,Ed Staniowski,1976,1985,,29,175,77,219,67,104,586,0.858,0.0,12075,,,,0,0,0,0,0,0,0,0,0,0,0,0,0,0,0,0,0,0,0,0,0,0,0,0,0
199,Greg Stefan,1982,1990,,28,180,81,299,115,127,7106,0.871,0.896,16333,,,,1,0,0,0,1,0,0,0,0,0,0,0,0,0,0,0,0,0,0,0,0,0,0,0,0
200,Jamie Storr,1995,2004,19,28,187,88,219,85,86,5317,0.908,0.908,11512,,,,0,0,0,0,0,0,0,0,0,0,0,0,0,0,0,0,1,0,0,0,0,0,0,0,0
201,Rick Tabaracci,1989,2000,20,,185,86,286,93,125,7100,0.893,,15255,,,,0,0,0,0,0,0,1,1,1,0,0,0,0,0,0,0,0,1,0,0,0,0,0,0,0
202,Kari Takko,1986,1991,23,,187,85,142,37,71,3922,0.879,,7317,,,,0,0,0,0,0,0,0,0,0,1,0,0,0,0,0,0,0,0,0,0,0,0,0,0,0
203,Cam Talbot,2014,2017,26,29,190,87,125,62,45,3620,0.924,0.926,7242,66,7,9.429,0,0,0,0,0,0,0,0,0,0,0,0,0,0,0,0,0,0,0,0,0,0,0,0,0
204,Robbie Tallas,1996,2001,22,27,180,84,99,28,42,2256,0.891,0.0,5069,,,,0,0,0,0,0,0,0,1,0,0,0,0,0,0,0,0,0,0,0,0,0,0,0,0,0
205,Mikael Tellqvist,2003,2009,23,,180,84,113,45,41,2967,0.898,,6034,19,4,4.750,0,0,0,0,0,0,0,0,0,0,0,0,1,0,0,0,0,1,0,0,0,0,0,0,0
206,Chris Terreri,1987,2001,22,,175,77,406,151,172,10623,0.892,,22369,,,,0,0,0,0,0,0,0,0,0,0,0,1,0,0,1,1,0,1,0,0,0,0,0,0,1
207,Jose Theodore,1996,2013,19,36,180,78,648,286,254,17983,0.909,0.931,36607,135,41,3.293,0,0,0,0,0,0,0,0,0,0,0,0,0,0,0,0,1,0,0,0,0,0,0,0,0
208,Jocelyn Thibault,1994,2008,19,33,180,76,586,238,238,15706,0.904,0.915,32892,3,4,0.750,0,0,0,0,0,0,0,0,1,0,0,0,0,0,1,0,0,1,0,0,0,0,0,0,0
209,Tim Thomas,2003,2014,28,,180,91,426,214,145,12822,0.920,,24448,199,30,6.633,0,0,0,0,0,0,0,0,0,0,0,0,1,0,0,0,0,0,0,0,0,0,0,0,1
210,Vesa Toskala,2002,2010,24,,177,88,266,129,82,6957,0.902,,14767,68,34,2.000,0,0,0,0,0,0,0,0,0,0,0,0,0,0,0,0,0,0,0,0,0,0,0,0,0
211,Ron Tugnutt,1988,2004,20,36,180,72,537,186,239,14205,0.895,0.925,29486,,,,0,0,0,0,0,0,0,0,0,0,0,0,0,0,0,0,0,0,0,0,0,0,0,0,0
212,Marty Turco,2001,2012,25,36,180,83,543,275,167,13447,0.910,0.932,30957,108,46,2.348,0,0,0,0,0,0,0,0,0,0,0,0,0,0,0,0,0,0,0,0,0,0,1,0,1
213,Roman Turek,1997,2004,26,33,190,99,328,159,115,7886,0.907,0.912,19095,,,,0,0,0,0,0,0,0,0,0,0,1,0,0,0,0,0,0,0,0,1,0,0,0,0,0
214,John Vanbiesbrouck,1982,2002,,38,172,80,882,374,346,24678,0.899,0.924,50475,,,,0,0,0,0,0,0,0,0,0,0,0,1,1,0,0,1,0,0,0,0,0,0,0,0,1
215,Semyon Varlamov,2009,2017,20,28,187,94,332,165,123,9961,0.916,0.927,19081,178,46,3.870,0,0,0,0,0,0,0,0,0,0,0,0,0,0,0,0,0,0,0,0,0,0,0,0,0
216,Mike Veisor,1974,1984,,,175,72,139,41,62,286,0.839,,7806,,,,0,0,0,0,0,0,0,0,0,0,0,0,0,0,0,0,0,0,0,0,0,0,0,0,0
217,Mike Vernon,1983,2002,,38,175,81,781,385,273,19921,0.890,0.917,44449,,,,0,0,0,0,0,0,0,0,1,1,1,0,0,1,0,0,0,1,1,0,0,0,0,0,0
218,Tomas Vokoun,1997,2013,20,36,185,95,700,300,288,20313,0.917,0.926,39695,175,38,4.605,0,0,0,0,0,0,0,0,0,0,0,0,0,0,0,0,0,0,0,0,0,0,0,0,0
219,Jimmy Waite,1989,1999,19,29,185,81,106,28,41,2279,0.871,0.0,5253,,,,0,0,0,0,0,0,0,0,0,0,0,0,0,0,1,0,0,0,0,0,0,0,0,0,0
220,Darcy Wakaluk,1989,1997,22,30,180,81,191,67,75,4739,0.889,0.91,9756,,,,0,0,0,0,0,0,0,0,0,0,0,0,0,0,0,0,0,1,0,0,0,0,0,0,0
221,Rick Wamsley,1981,1993,,33,180,84,407,204,131,8543,0.880,0.894,23123,,,,0,0,0,1,0,0,0,0,0,0,1,0,0,0,1,0,0,0,0,0,0,0,0,0,0
222,Cam Ward,2006,2017,21,32,185,84,571,271,211,16287,0.909,0.923,32784,255,71,3.592,0,0,0,0,0,0,0,0,0,0,0,0,0,0,0,0,0,0,0,0,0,0,0,0,0
223,Kevin Weekes,1998,2009,22,33,187,97,348,105,163,9262,0.903,0.912,18837,10,2,5.000,0,0,0,0,0,0,0,0,0,0,0,0,0,0,0,0,0,0,0,0,0,0,0,0,1
224,Steve Weeks,1981,1993,,34,180,77,290,111,119,5830,0.873,0.893,15879,,,,0,0,0,1,0,0,0,0,1,0,0,0,0,0,0,0,1,0,0,0,0,0,0,0,0
225,Kay Whitmore,1989,2002,21,34,180,79,155,60,64,4050,0.875,0.89,8600,,,,0,0,0,0,0,0,0,0,1,0,0,0,0,0,0,0,0,0,0,0,0,0,0,0,0
226,Ken Wregget,1984,2000,19,35,185,91,575,225,248,16675,0.885,0.905,31663,,,,0,0,0,0,1,0,0,0,1,1,0,0,0,1,1,0,0,1,1,0,0,0,0,0,0
227,Wendell Young,1986,1995,22,31,175,82,187,59,86,4977,0.876,0.873,9410,,,,0,0,0,0,0,0,0,0,1,1,0,0,0,1,0,0,0,0,0,0,0,0,0,0,0
